{
  "epochs": [
    1,
    2,
    3,
    4,
    5
  ],
  "train_loss": [
    2.1106718651453655,
    2.0262945170084636,
    2.0019720149358116,
    1.9842911118189495,
    1.9751543556213378
  ],
  "rouge1": [
    0.30646704767107114,
    0.30319397614479476,
    0.3008066873093481,
    0.3085385972331274,
    0.30465220712959784
  ],
  "rouge2": [
    0.12411296872470647,
    0.12242049426014118,
    0.12173166850491617,
    0.12774344138849256,
    0.12501106565900985
  ],
  "rougeL": [
    0.225463744922896,
    0.22317117977540485,
    0.2227407638107849,
    0.22888674694992978,
    0.22711650355072255
  ]
}
