{
  "epochs": [
    1,
    2,
    3,
    4,
    5
  ],
  "train_loss": [
    2.9700256908416747,
    2.755470819981893,
    2.6959955876668293,
    2.661978240331014,
    2.645544286855062
  ],
  "rouge1": [
    0.2738399244082069,
    0.28861710254451767,
    0.2913034150841882,
    0.2946089085740625,
    0.294871442497055
  ],
  "rouge2": [
    0.07943668569209786,
    0.08744286683795022,
    0.08965992632364223,
    0.09027460902122578,
    0.09052822497238713
  ],
  "rougeL": [
    0.2155370261726717,
    0.2275855060787096,
    0.2307546435733245,
    0.23261275907071036,
    0.23318151011151964
  ]
}
